id,first_name,last_name,email,salary
1,Hillery,Bowcher,hbowcher0@soundcloud.com,2722.62
2,Loralyn,Kerins,lkerins1@topsy.com,8646.33
3,Livia,Beatey,lbeatey2@last.fm,9228.38
4,Berkie,Merfin,bmerfin3@odnoklassniki.ru,4330.57
5,Trumaine,Siemandl,tsiemandl4@alexa.com,9456.75
6,Woodman,Pascho,wpascho5@amazon.de,5059.78
7,Gianina,Easum,geasum6@goo.gl,3133.73
8,Cornie,Sugge,csugge7@ezinearticles.com,1893.80
9,Berry,Pentelow,bpentelow8@so-net.ne.jp,9187.64
10,Crystie,Szymczyk,cszymczyk9@ezinearticles.com,4955.19
11,Bunni,Ferrarotti,bferrarottia@free.fr,3797.21
12,Serge,Sturges,ssturgesb@prnewswire.com,2110.12
13,Angus,Proctor,aproctorc@booking.com,6181.79
14,Hailey,Sawyers,hsawyersd@youtu.be,4644.42
15,Annalise,Mc Menamin,amcmenamine@apple.com,9520.01
16,Walt,Base,wbasef@networksolutions.com,8757.99
17,Sarajane,Cheel,scheelg@army.mil,8391.88
18,Wini,Alabaster,walabasterh@ft.com,1517.46
19,Syman,Posvner,sposvneri@last.fm,6482.67
20,Gigi,Winckle,gwincklej@google.com.br,4841.85
21,Tallou,Fellona,tfellonak@psu.edu,7437.26
22,Leyla,Archanbault,larchanbaultl@surveymonkey.com,5723.48
23,Burton,Lennie,blenniem@mac.com,9800.85
24,Guillermo,Cockton,gcocktonn@wiley.com,6016.05
25,Christoforo,FitzGibbon,cfitzgibbono@imgur.com,3985.41
26,David,Fedynski,dfedynskip@yolasite.com,7715.82
27,Hew,Naulty,hnaultyq@biblegateway.com,5316.10
28,Lorinda,Layson,llaysonr@opensource.org,5850.38
29,Henry,Buller,hbullers@goo.ne.jp,9371.18
30,Kalli,Pargeter,kpargetert@wired.com,4349.15
31,Yulma,Dalgarnowch,ydalgarnowchu@a8.net,6579.94
32,Camile,Heaven,cheavenv@intel.com,2341.70
33,Issiah,Keggins,ikegginsw@aboutads.info,3881.76
34,Isabel,Uttermare,iuttermarex@dropbox.com,2576.71
35,Archaimbaud,Szimoni,aszimoniy@dion.ne.jp,5779.89
36,Chadwick,Cayle,ccaylez@elpais.com,2931.05
37,Toma,Paulo,tpaulo10@fotki.com,7960.91
38,Lacie,Izzett,lizzett11@php.net,9611.08
39,Marlo,Boldero,mboldero12@mediafire.com,2099.07
40,Brittany,Swatridge,bswatridge13@washington.edu,5573.31
41,Selina,Whitehorne,swhitehorne14@myspace.com,6487.99
42,Brook,Argyle,bargyle15@sakura.ne.jp,4169.54
43,Bonita,Hastwell,bhastwell16@smh.com.au,2304.31
44,Emyle,Barkaway,ebarkaway17@biblegateway.com,8060.20
45,Jeno,Sherratt,jsherratt18@infoseek.co.jp,9676.97
46,Iolanthe,Jupe,ijupe19@tripod.com,4913.76
47,Renelle,Tavernor,rtavernor1a@example.com,4105.80
48,Walden,Corstan,wcorstan1b@tuttocitta.it,3618.16
49,Karine,Malyan,kmalyan1c@miitbeian.gov.cn,1013.30
